City_ID,City,Country,Lat,Lng,Max Temp,Humidity,Cloudiness,Wind Speed,Current Description
0,Mar Del Plata,AR,-38.0,-57.56,60.8,93,90,8.05,drizzle
1,Busselton,AU,-33.65,115.33,57.0,50,71,10.0,broken clouds
2,Albany,US,42.6,-73.97,52.0,72,45,4.0,scattered clouds
3,Hobart,AU,-42.88,147.33,46.0,65,75,12.75,shower rain
4,Port Elizabeth,ZA,-33.92,25.57,64.0,82,19,1.01,few clouds
5,Krasnoselkup,RU,65.7,82.47,7.72,95,84,9.04,broken clouds
6,Trelew,AR,-43.25,-65.31,70.61,37,9,19.71,clear sky
7,Sabha,LY,27.04,14.43,67.14,26,0,6.29,clear sky
8,Sur,OM,22.57,59.53,76.41,58,0,9.71,clear sky
9,Vaini,TO,-21.2,-175.2,75.2,88,90,11.41,overcast clouds
10,Fortuna,US,40.6,-124.16,61.0,67,90,11.41,overcast clouds
11,Dikson,RU,73.51,80.55,22.87,94,11,6.17,few clouds
12,Jamestown,US,42.1,-79.24,44.01,80,90,5.82,overcast clouds
13,Kodiak,US,57.79,-152.41,44.6,100,40,2.66,mist
14,Saskylakh,RU,71.92,114.08,14.67,94,100,22.08,light snow
15,Arraial Do Cabo,BR,-22.97,-42.03,69.8,100,90,13.87,moderate rain
16,Yellowknife,CA,62.46,-114.35,26.6,58,40,9.17,scattered clouds
17,Olafsvik,IS,64.89,-23.71,41.56,75,100,42.97,overcast clouds
18,Atuona,PF,-9.8,-139.03,78.73,74,1,22.75,clear sky
19,Mataura,NZ,-46.19,168.86,72.0,57,93,17.0,overcast clouds
20,Seoul,KR,37.57,126.98,39.2,100,1,1.25,clear sky
21,Faanui,PF,-16.48,-151.75,79.14,74,45,7.54,scattered clouds
22,Lompoc,US,34.64,-120.46,66.2,68,90,10.29,overcast clouds
23,Saint-Pierre,RE,-21.34,55.48,68.0,60,0,8.05,clear sky
24,Cidreira,BR,-30.18,-50.21,69.64,87,84,12.66,broken clouds
25,Antalaha,MG,-14.9,50.28,70.57,86,2,7.27,clear sky
26,Kropotkin,RU,45.44,40.58,63.0,66,0,6.64,clear sky
27,Vung Tau,VN,10.35,107.08,78.35,84,52,8.52,light rain
28,Constitucion,CL,-35.33,-72.42,56.89,76,100,18.03,light rain
29,Rikitea,PF,-23.12,-134.97,74.64,83,84,22.82,broken clouds
30,Khatanga,RU,71.97,102.5,6.93,95,100,15.21,light snow
31,Bredasdorp,ZA,-34.53,20.04,64.4,82,0,11.41,clear sky
32,Talnakh,RU,69.49,88.4,14.0,92,75,11.18,light shower snow
33,Souillac,MU,-20.52,57.52,71.6,88,75,12.75,shower rain
34,Bajna,IN,27.9,77.68,71.94,24,0,3.15,clear sky
35,Shabqadar,PK,34.21,71.56,64.58,31,0,2.26,clear sky
36,Alofi,NU,-19.06,-169.92,75.2,94,100,14.99,overcast clouds
37,Flinders,AU,-34.58,150.86,55.0,83,95,5.01,overcast clouds
38,Bethel,US,41.37,-73.41,57.99,75,96,1.01,overcast clouds
39,Hong Gai,VN,20.96,107.09,75.2,60,90,2.24,overcast clouds
40,Uvira,CD,-3.41,29.15,76.32,60,37,4.34,scattered clouds
41,Mount Gambier,AU,-37.83,140.77,46.4,75,75,9.17,broken clouds
42,Hasaki,JP,35.73,140.83,44.6,100,20,3.36,few clouds
43,Kapaa,US,22.08,-159.32,84.0,69,40,14.99,moderate rain
44,Buraydah,SA,26.33,43.98,64.4,31,0,5.5,clear sky
45,Akyab,MM,20.15,92.9,78.73,88,100,5.99,light rain
46,Okhotsk,RU,59.38,143.3,37.71,83,100,16.51,overcast clouds
47,Terme,TR,41.21,36.97,51.8,93,40,2.24,fog
48,Ushuaia,AR,-54.8,-68.3,48.2,57,75,13.87,light intensity drizzle
49,Esmeralda,CU,21.85,-78.12,80.6,83,100,6.93,light rain
50,Cherskiy,RU,68.75,161.3,17.04,93,4,5.48,clear sky
51,Kahului,US,20.89,-156.47,87.8,55,20,8.05,few clouds
52,Puerto Ayora,EC,-0.74,-90.35,77.0,69,40,14.99,scattered clouds
53,Hithadhoo,MV,-0.6,73.08,83.28,75,27,11.25,scattered clouds
54,Nikolskoye,RU,59.7,30.79,39.0,90,20,4.47,few clouds
55,Praia,CV,14.92,-23.51,78.8,83,100,16.11,overcast clouds
56,Harlingen,US,26.19,-97.7,80.6,51,1,4.7,clear sky
57,Hermanus,ZA,-34.42,19.23,62.01,90,6,3.0,clear sky
58,Nome,US,64.5,-165.41,36.0,95,90,11.41,overcast clouds
59,Healdsburg,US,38.61,-122.87,61.0,77,75,4.7,broken clouds
60,Ponta Do Sol,PT,32.67,-17.1,66.2,68,40,8.05,scattered clouds
61,Punta Arenas,CL,-53.15,-70.92,42.8,93,90,13.87,light rain
62,Tres Picos,MX,15.87,-93.53,87.8,59,68,3.33,light rain
63,Barrow,US,71.29,-156.79,30.2,92,90,12.75,overcast clouds
64,Tuktoyaktuk,CA,69.45,-133.04,15.8,92,75,4.7,broken clouds
65,Gambela,ET,8.25,34.58,71.96,89,44,3.6,scattered clouds
66,Nanortalik,GL,60.14,-45.24,32.4,91,5,9.24,clear sky
67,Butaritari,KI,3.07,172.79,82.06,66,18,7.07,few clouds
68,Yumen,CN,40.28,97.2,40.91,60,100,8.61,overcast clouds
69,Christchurch,NZ,-43.53,172.63,71.6,43,76,3.36,broken clouds
70,Bluff,NZ,-46.6,168.33,72.0,57,85,17.0,overcast clouds
71,Havelock,US,34.88,-76.9,79.0,57,1,6.93,clear sky
72,Angoche,MZ,-16.23,39.91,75.47,87,1,2.46,clear sky
73,Necochea,AR,-38.55,-58.74,62.47,89,22,13.76,few clouds
74,Tabou,CI,4.42,-7.35,78.12,85,44,5.61,scattered clouds
75,Radis,TN,36.77,10.28,66.2,72,20,3.36,few clouds
76,New Norfolk,AU,-42.78,147.06,46.0,64,2,1.99,clear sky
77,Kaitangata,NZ,-46.28,169.85,64.92,56,100,8.59,overcast clouds
78,Khasan,RU,42.43,130.64,48.99,49,2,24.38,clear sky
79,Aklavik,CA,68.22,-135.01,17.6,92,75,5.82,broken clouds
80,Caledonia,US,42.81,-87.92,42.01,64,75,6.93,broken clouds
81,Carnarvon,AU,-24.87,113.63,69.8,100,75,14.99,broken clouds
82,Port Alfred,ZA,-33.59,26.89,65.8,89,11,4.27,few clouds
83,Sembe,CG,1.65,14.58,73.02,88,100,2.19,overcast clouds
84,Mount Isa,AU,-20.73,139.5,69.8,49,0,11.41,clear sky
85,Hami,CN,42.8,93.45,46.51,52,86,8.57,overcast clouds
86,Russell,US,32.35,-85.2,69.8,94,90,1.61,heavy intensity rain
87,Tasiilaq,GL,65.61,-37.64,32.0,92,98,1.95,overcast clouds
88,East London,ZA,-33.02,27.91,69.82,83,1,0.98,clear sky
89,Fenoarivo,MG,-18.93,47.44,59.0,87,20,6.93,few clouds
90,Octeville,FR,49.63,-1.64,55.4,93,100,20.8,heavy intensity rain
91,Karasjok,NO,69.47,25.51,37.4,86,99,25.28,overcast clouds
92,Tetouan,MA,35.57,-5.37,62.6,82,20,6.93,few clouds
93,Kribi,CM,2.95,9.92,78.26,86,100,6.29,overcast clouds
94,Cervo,ES,43.67,-7.41,62.01,89,70,7.0,moderate rain
95,Arinos,BR,-15.92,-46.11,70.23,93,100,1.7,overcast clouds
96,Komsomolskiy,UZ,40.43,71.72,46.4,52,100,6.93,overcast clouds
97,Cape Town,ZA,-33.93,18.42,61.0,93,20,3.36,few clouds
98,Wellington,NZ,-41.29,174.78,60.8,100,75,21.92,broken clouds
99,Saint-Louis,SN,16.33,-15.0,95.99,12,100,11.52,overcast clouds
100,Yaan,NG,7.38,8.57,76.1,91,100,8.32,light rain
101,Cabo Rojo,PR,18.09,-67.15,86.0,73,27,3.0,scattered clouds
102,Namibe,AO,-15.2,12.15,68.76,79,83,5.5,broken clouds
103,Vila Velha,BR,-20.33,-40.29,72.0,100,75,4.7,moderate rain
104,Inongo,CD,-1.95,18.27,72.5,95,100,3.89,overcast clouds
105,Vestmannaeyjar,IS,63.44,-20.27,46.31,63,94,26.37,overcast clouds
106,Kruisfontein,ZA,-34.0,24.73,64.0,82,0,1.01,clear sky
107,Mahebourg,MU,-20.41,57.7,71.6,88,75,12.75,shower rain
108,Ribeira Grande,PT,38.52,-28.7,66.2,93,40,17.22,scattered clouds
109,Yantzaza,EC,-3.83,-78.76,86.31,47,54,1.23,light rain
110,Chokurdakh,RU,70.63,147.92,16.84,97,100,7.23,overcast clouds
111,Urumqi,CN,43.8,87.6,42.8,81,0,4.47,clear sky
112,La Ronge,CA,55.1,-105.28,24.8,53,90,11.41,light snow
113,Ancud,CL,-41.87,-73.82,52.0,87,90,12.75,shower rain
114,Toktogul,KG,41.87,72.94,45.57,55,94,0.4,overcast clouds
115,Pasni,PK,25.26,63.47,77.31,31,0,27.98,clear sky
116,Cabo San Lucas,MX,22.89,-109.91,90.0,58,20,9.17,few clouds
117,Zhigansk,RU,66.77,123.37,21.04,96,100,23.29,light snow
118,Brigantine,US,39.41,-74.36,73.4,69,75,5.82,broken clouds
119,Phonhong,LA,18.5,102.42,68.95,86,78,2.26,broken clouds
120,Saint-Philippe,RE,-21.36,55.77,71.6,60,0,8.05,clear sky
121,Bengkulu,ID,-3.8,102.27,76.28,85,100,4.34,light rain
122,Chuy,UY,-33.7,-53.46,66.92,88,23,7.58,few clouds
123,Ratnagiri,IN,16.98,73.3,76.68,88,50,5.59,scattered clouds
124,Saint-Michel-Des-Saints,CA,46.68,-73.92,35.71,80,43,8.57,scattered clouds
125,Pisco,PE,-13.7,-76.22,66.2,77,0,17.22,clear sky
126,Srednekolymsk,RU,67.45,153.68,13.57,94,1,5.19,clear sky
127,Shenjiamen,CN,29.96,122.3,60.22,66,2,5.1,clear sky
128,Qaanaaq,GL,77.48,-69.36,17.22,92,100,12.62,overcast clouds
129,Lavrentiya,RU,65.58,-171.0,33.3,88,59,7.2,broken clouds
130,Severo-Kurilsk,RU,50.68,156.12,46.94,91,100,29.19,moderate rain
131,Khor,RU,47.89,134.95,35.94,91,100,8.05,overcast clouds
132,Vao,NC,-22.67,167.48,73.04,81,60,13.89,broken clouds
133,Banepa,NP,27.63,85.52,59.0,87,20,2.24,few clouds
134,Smithers,CA,54.78,-127.17,28.4,42,20,4.7,few clouds
135,Portland,US,45.52,-122.68,51.01,57,90,20.8,overcast clouds
136,Tommot,RU,58.96,126.29,23.05,96,51,1.74,broken clouds
137,Georgetown,MY,5.41,100.34,77.0,94,40,3.36,scattered clouds
138,Vanimo,PG,-2.67,141.3,78.94,82,84,1.66,light rain
139,Sterling,US,39.01,-77.43,69.01,63,90,12.75,overcast clouds
140,Haines Junction,CA,60.75,-137.51,26.64,74,100,1.19,overcast clouds
141,Tiksi,RU,71.69,128.87,12.07,92,99,24.23,overcast clouds
142,Sitka,US,57.05,-135.33,42.8,52,40,0.69,scattered clouds
143,Klaksvik,FO,62.23,-6.59,46.4,81,0,16.11,light rain
144,Hvolsvollur,IS,63.75,-20.22,43.0,75,97,18.01,overcast clouds
145,Castro,BR,-24.79,-50.01,67.93,85,65,4.52,light rain
146,Cururupu,BR,-1.83,-44.87,79.41,75,16,4.21,few clouds
147,Athens,GR,37.98,23.72,68.0,63,0,1.57,clear sky
148,Boa Vista,BR,2.82,-60.67,95.0,39,20,9.17,light rain
149,Thompson,CA,55.74,-97.86,24.8,62,90,9.17,light snow
150,Lebu,CL,-37.62,-73.65,54.66,69,43,8.12,scattered clouds
151,Marrakesh,MA,31.63,-8.01,66.2,52,0,4.7,clear sky
152,Salaverry,PE,-8.23,-78.97,66.2,77,0,12.75,clear sky
153,Birjand,IR,32.87,59.22,46.4,42,0,6.93,clear sky
154,Rudnogorsk,RU,57.26,103.75,31.66,99,100,7.87,overcast clouds
155,San Antonio,US,29.42,-98.49,71.01,52,40,5.82,scattered clouds
156,Gotsu,JP,35.0,132.22,53.26,65,0,8.08,clear sky
157,Twin Falls,US,42.35,-114.64,48.2,61,90,21.92,overcast clouds
158,Hailar,CN,49.2,119.7,27.21,94,96,2.21,overcast clouds
159,Magdiwang,PH,12.49,122.51,81.73,78,100,11.32,moderate rain
160,Kavieng,PG,-2.57,150.8,83.12,69,90,2.91,overcast clouds
161,Iqaluit,CA,63.75,-68.51,26.6,86,90,4.97,light shower snow
162,Buba,GW,11.58,-15.0,78.76,84,13,4.47,few clouds
163,Guymon,US,36.68,-101.48,69.8,28,1,14.99,clear sky
164,Levelland,US,33.59,-102.38,70.0,30,40,17.22,scattered clouds
165,Laharpur,IN,27.72,80.9,68.41,33,0,5.93,clear sky
166,Saint-Leu,RE,-21.15,55.28,71.6,60,0,8.05,clear sky
167,Hilo,US,19.73,-155.09,80.6,74,90,9.17,overcast clouds
168,Anori,BR,-3.77,-61.64,79.79,81,100,5.5,moderate rain
169,Taoudenni,ML,22.68,-3.98,89.47,12,0,9.44,clear sky
170,Iralaya,HN,15.0,-83.23,79.41,82,100,5.55,overcast clouds
171,Lakes Entrance,AU,-37.88,147.98,51.01,80,18,1.01,light rain
172,Petropavlovsk-Kamchatskiy,RU,53.05,158.65,41.0,86,90,20.13,light intensity shower rain
173,Tiarei,PF,-17.53,-149.33,84.2,70,75,6.93,broken clouds
174,Bathsheba,BB,13.22,-59.52,84.2,70,40,20.8,shower rain
175,Serdobsk,RU,52.46,44.22,47.64,90,100,3.62,overcast clouds
176,George Town,MY,5.41,100.34,77.0,94,40,3.36,scattered clouds
177,Contamana,PE,-7.33,-75.02,99.39,29,97,4.25,overcast clouds
178,Kamenka,RU,51.32,42.77,53.01,88,100,4.12,light rain
179,Gigmoto,PH,13.78,124.39,81.12,82,100,9.48,moderate rain
180,Navalmoral De La Mata,ES,39.89,-5.54,54.0,78,56,3.0,broken clouds
181,Lisakovsk,KZ,52.54,62.49,45.1,94,96,11.68,overcast clouds
182,Katangli,RU,51.71,143.23,41.63,87,70,9.28,broken clouds
183,Zaysan,KZ,47.47,84.87,28.53,92,70,3.36,broken clouds
184,Atar,MR,20.52,-13.05,90.05,21,100,9.15,overcast clouds
185,Sao Filipe,CV,14.9,-24.5,81.39,74,95,10.29,overcast clouds
186,Passy,FR,45.92,6.69,39.0,94,30,4.88,scattered clouds
187,Harper,LR,4.38,-7.72,78.06,85,92,5.37,overcast clouds
188,Pizarro,CO,4.95,-77.37,77.54,89,100,7.99,light rain
189,Waterloo,CA,43.47,-80.52,45.0,63,90,8.05,overcast clouds
190,Maralal,KE,1.1,36.7,63.05,81,63,9.35,broken clouds
191,Avarua,CK,-21.21,-159.78,77.0,65,37,13.87,scattered clouds
192,Vendome,FR,47.8,1.07,59.0,87,99,18.34,overcast clouds
193,Lugovoy,KZ,42.95,72.76,37.26,76,17,3.04,few clouds
194,San Patricio,US,28.02,-97.52,73.99,46,75,6.93,broken clouds
195,Sovetskaya Gavan,RU,48.97,140.29,41.52,88,100,5.55,light rain
196,Iquique,CL,-20.22,-70.14,64.4,72,90,12.75,overcast clouds
197,Iskateley,RU,67.68,53.15,17.71,93,85,12.33,overcast clouds
198,Halifax,CA,44.65,-63.57,55.99,99,100,1.01,overcast clouds
199,Provideniya,RU,64.38,-173.3,33.82,89,76,15.21,broken clouds
200,Arlit,NE,18.74,7.39,81.63,14,0,11.56,clear sky
201,Balabac,PH,7.99,117.06,81.27,81,100,9.64,light rain
202,Tromso,NO,69.65,18.96,37.4,88,75,19.46,broken clouds
203,Sola,VU,-13.88,167.55,84.2,79,75,5.82,broken clouds
204,Grand Gaube,MU,-20.01,57.66,69.01,87,39,3.0,moderate rain
205,Pevek,RU,69.7,170.31,26.29,92,0,12.71,clear sky
206,Te Anau,NZ,-45.42,167.72,59.52,82,100,10.49,overcast clouds
207,Kollam,IN,8.88,76.6,80.6,78,20,1.12,mist
208,Bakurianis Andeziti,GE,41.73,43.47,50.23,47,85,4.38,overcast clouds
209,Poum,NC,-20.23,164.02,77.45,78,0,18.57,clear sky
210,Bukama,CD,-9.2,25.85,76.95,69,39,1.7,scattered clouds
211,Mareeba,AU,-17.0,145.43,77.0,78,85,0.74,overcast clouds
212,Totness,SR,5.88,-56.32,82.85,79,97,12.44,overcast clouds
213,Aykhal,RU,66.0,111.5,10.4,92,40,4.47,scattered clouds
214,Mayo,US,38.89,-76.51,72.0,73,90,9.17,overcast clouds
215,Diu,IN,20.71,70.98,79.63,60,26,5.99,scattered clouds
216,Bonavista,CA,48.65,-53.11,48.0,87,100,15.01,overcast clouds
217,Chapais,CA,49.78,-74.85,30.2,74,90,11.41,light snow
218,Agadez,NE,19.75,10.25,73.08,19,0,7.56,clear sky
219,Rawson,AR,-43.3,-65.1,64.69,50,57,17.02,broken clouds
220,Bambous Virieux,MU,-20.34,57.76,71.6,88,75,12.75,shower rain
221,Katsuura,JP,35.13,140.3,57.2,50,40,16.11,scattered clouds
222,Koson,UZ,39.04,65.58,42.8,52,0,4.7,clear sky
223,Bani Walid,LY,31.76,13.99,64.76,62,0,8.1,clear sky
224,Ostrovnoy,RU,68.05,39.51,31.77,98,100,11.18,overcast clouds
225,Saint-Augustin,CA,51.23,-58.65,45.95,82,100,15.39,overcast clouds
226,Barguzin,RU,53.62,109.62,33.33,84,100,6.55,overcast clouds
227,Raisen,IN,23.33,77.8,70.38,51,3,3.27,clear sky
228,Kismayo,SO,-0.36,42.55,79.68,83,98,12.1,overcast clouds
229,Bilma,NE,18.69,12.92,74.26,18,0,4.72,clear sky
230,Norman Wells,CA,65.28,-126.83,21.2,92,75,9.17,broken clouds
231,Bilibino,RU,68.05,166.44,16.5,86,0,2.1,clear sky
232,Oyama,JP,36.3,139.8,57.99,93,20,2.24,fog
233,Hovd,MN,48.01,91.64,29.82,76,0,6.04,clear sky
234,Berlevag,NO,70.86,29.09,38.64,76,100,20.71,overcast clouds
235,Dillon,US,34.42,-79.37,82.0,54,75,4.7,broken clouds
236,Guerrero Negro,MX,27.98,-114.06,73.22,62,19,17.07,few clouds
237,Gamba,GA,-2.65,10.0,77.07,86,100,8.19,light rain
238,Novyye Lyady,RU,58.05,56.6,39.2,100,75,11.18,broken clouds
239,Kursk,RU,51.73,36.19,53.35,88,100,9.24,light rain
240,Caravelas,BR,-17.71,-39.25,75.42,85,69,7.83,heavy intensity rain
241,Mayor Pablo Lagerenza,PY,-19.93,-60.77,100.17,29,58,4.74,broken clouds
242,Kulhudhuffushi,MV,6.62,73.07,82.38,73,99,8.25,light rain
243,Miri,MY,4.41,114.01,77.0,100,40,1.12,scattered clouds
244,Aljezur,PT,37.32,-8.8,59.5,77,33,4.36,scattered clouds
245,Charlestown,AU,-32.95,151.67,61.0,97,100,1.01,moderate rain
246,Iracoubo,GF,5.48,-53.2,83.03,74,61,13.56,light rain
247,Thurso,GB,58.59,-3.53,50.0,71,0,14.99,clear sky
248,Yeppoon,AU,-23.13,150.73,71.6,94,90,8.23,overcast clouds
249,Mackenzie,CA,55.3,-123.17,26.6,53,40,9.17,scattered clouds
250,Novyy Urgal,RU,51.07,132.56,31.75,93,7,5.64,clear sky
251,Victoria,HK,22.29,114.16,75.0,70,98,1.99,overcast clouds
252,Ouadda,CF,8.08,22.4,70.52,87,100,2.15,overcast clouds
253,Madison,US,34.73,-86.57,59.0,93,90,9.17,overcast clouds
254,Saint George,US,37.1,-113.58,80.01,31,1,3.36,clear sky
255,Gat,IL,31.61,34.76,78.8,74,40,4.7,scattered clouds
256,Emba,KZ,48.83,58.14,45.81,68,36,15.19,scattered clouds
257,Sioux Falls,US,43.55,-96.7,30.2,54,90,12.75,overcast clouds
258,Novonukutskiy,RU,53.7,102.71,38.34,94,100,11.1,moderate rain
259,Shwebo,MM,22.57,95.7,74.57,94,100,4.7,overcast clouds
260,Celestun,MX,20.87,-90.4,83.23,76,58,15.46,broken clouds
261,Beringovskiy,RU,63.05,179.32,30.69,96,100,15.37,overcast clouds
262,Velikiy Novgorod,RU,58.52,31.28,38.82,92,100,3.89,overcast clouds
263,Half Moon Bay,US,37.46,-122.43,68.0,68,75,5.82,broken clouds
264,Tuatapere,NZ,-46.13,167.68,72.0,57,96,17.0,overcast clouds
265,Port Lincoln,AU,-34.73,135.87,52.52,70,87,16.4,overcast clouds
266,Qeshm,IR,26.96,56.27,75.2,62,0,6.93,clear sky
267,Longyearbyen,SJ,78.22,15.64,21.2,79,75,3.36,broken clouds
268,Bjornevatn,NO,69.67,29.98,35.6,80,100,16.11,overcast clouds
269,Daru,PG,-9.08,143.21,78.94,86,99,6.73,overcast clouds
270,Coquimbo,CL,-29.95,-71.34,57.2,71,90,8.05,overcast clouds
271,Sibolga,ID,1.74,98.78,76.96,80,100,2.57,overcast clouds
272,Sao Joao Da Barra,BR,-21.64,-41.05,73.4,94,90,9.17,light rain
273,Kupang,ID,-10.17,123.58,77.0,94,20,2.24,few clouds
274,Maragogi,BR,-9.01,-35.22,76.48,83,24,9.4,few clouds
275,Lorengau,PG,-2.02,147.27,82.58,64,18,5.61,few clouds
276,Rosetta,EG,31.4,30.42,71.6,64,20,2.24,few clouds
277,Worthington,US,40.09,-83.02,48.99,70,90,11.41,overcast clouds
278,Naryan-Mar,RU,67.67,53.09,17.92,93,92,12.53,overcast clouds
279,Enid,US,36.4,-97.88,53.6,46,1,6.93,clear sky
280,Samarai,PG,-10.62,150.67,79.77,81,79,5.23,broken clouds
281,Lebyazhye,RU,55.27,66.49,36.55,96,100,14.88,light rain
282,Baffa,PK,34.44,73.22,58.5,35,0,5.55,clear sky
283,Thai Binh,VN,20.45,106.33,75.2,60,90,2.24,overcast clouds
284,Skjervoy,NO,70.03,20.97,39.9,82,100,11.21,light rain
285,Isangel,VU,-19.55,169.27,80.6,69,75,11.97,broken clouds
286,Mikuni,JP,36.22,136.15,50.0,87,40,3.36,scattered clouds
287,Santa Vitoria Do Palmar,BR,-33.52,-53.37,67.78,87,8,7.85,clear sky
288,Airai,TL,-8.93,125.41,61.09,100,6,0.98,clear sky
289,Marsh Harbour,BS,26.54,-77.06,80.38,79,94,12.57,moderate rain
290,Adrar,MR,20.5,-10.07,91.15,11,100,6.04,overcast clouds
291,Zhezkazgan,KZ,47.8,67.71,34.12,69,84,12.88,moderate rain
292,Tavares,US,28.8,-81.73,84.2,62,90,6.93,overcast clouds
293,Itarema,BR,-2.92,-39.92,80.02,79,0,16.44,clear sky
294,Lamar,US,33.67,-95.58,62.01,71,90,3.36,overcast clouds
295,Esperance,AU,-33.87,121.9,50.0,100,12,11.41,few clouds
296,Russkaya Polyana,UA,49.42,31.92,55.4,81,41,9.46,scattered clouds
297,Moron,AR,-34.65,-58.62,77.0,83,75,6.93,broken clouds
298,Lubao,PH,14.92,120.55,77.0,100,75,2.24,broken clouds
299,Peterhead,GB,57.51,-1.8,48.0,87,75,9.17,broken clouds
300,Narsaq,GL,60.92,-46.05,30.2,68,7,3.36,clear sky
301,Touros,BR,-5.2,-35.46,78.8,83,40,9.17,scattered clouds
302,Puerto Escondido,MX,15.85,-97.07,86.0,66,75,4.7,broken clouds
303,Basco,PH,20.45,121.97,78.98,84,100,31.56,light rain
304,Nishihara,JP,26.18,127.76,71.6,72,40,6.93,scattered clouds
305,Broken Hill,AU,-31.95,141.43,46.4,81,90,13.87,overcast clouds
306,Mathathane,BW,-22.27,28.75,77.76,33,0,14.88,clear sky
307,Karratha,AU,-20.74,116.85,64.54,87,0,9.46,light rain
308,Macomer,IT,40.26,8.77,59.0,87,0,1.12,clear sky
309,Burns Lake,CA,54.23,-125.75,29.12,81,0,1.95,clear sky
310,Camacupa,AO,-12.02,17.48,66.2,73,58,5.41,broken clouds
311,Riverton,US,40.52,-111.94,64.99,47,90,8.05,overcast clouds
312,Kosh-Agach,RU,50.0,88.67,16.39,82,1,4.47,clear sky
313,Linguere,SN,15.4,-15.12,91.47,15,82,7.61,broken clouds
314,Krasni Okny,UA,47.54,29.46,57.88,65,100,4.81,overcast clouds
315,Platteville,US,42.73,-90.48,43.0,64,40,3.36,scattered clouds
316,Shadrinsk,RU,56.09,63.63,35.89,96,100,9.66,light rain
317,Ambilobe,MG,-13.2,49.05,73.36,76,7,4.52,clear sky
318,Burnie,AU,-41.07,145.92,46.0,47,0,10.0,clear sky
319,Causapscal,CA,48.35,-67.23,42.01,36,45,11.39,scattered clouds
320,Sioux Lookout,CA,50.1,-91.92,28.4,58,75,3.36,broken clouds
321,Tomatlan,MX,19.93,-105.25,90.12,66,16,8.32,few clouds
322,Westport,US,41.14,-73.36,63.0,72,40,9.17,scattered clouds
323,Egvekinot,RU,66.32,-179.17,21.87,96,15,8.93,few clouds
324,Leningradskiy,RU,69.38,178.42,21.94,93,40,6.82,scattered clouds
325,Dzilam Gonzalez,MX,21.28,-88.93,83.28,75,30,10.54,scattered clouds
326,Luanda,AO,-8.84,13.23,77.0,78,40,6.93,scattered clouds
327,Khokhlovo,RU,59.15,37.4,30.2,100,75,2.24,broken clouds
328,Laibin,CN,23.7,109.27,66.42,55,97,5.03,overcast clouds
329,Doka,SD,13.52,35.77,80.91,44,0,8.46,clear sky
330,Nioro,GM,13.35,-15.75,83.66,53,30,4.09,scattered clouds
331,Santiago,CL,-33.46,-70.65,75.0,35,0,9.17,clear sky
332,Lufilufi,WS,-13.87,-171.6,87.8,84,75,9.17,broken clouds
333,Bonthe,SL,7.53,-12.51,79.54,81,88,4.32,overcast clouds
334,Sooke,CA,48.37,-123.73,46.0,42,20,10.29,few clouds
335,San Cristobal,VE,7.77,-72.22,91.4,52,40,14.99,scattered clouds
336,Bud,US,39.45,-86.18,53.01,50,1,6.93,clear sky
337,Alenquer,BR,-1.94,-54.74,87.8,58,0,8.05,clear sky
338,Dingle,PH,11.0,122.67,74.14,89,92,2.15,moderate rain
339,Acajutla,SV,13.59,-89.83,87.8,58,40,3.36,scattered clouds
340,Lianzhou,CN,24.78,112.38,61.66,63,99,2.04,overcast clouds
341,Mirnyy,RU,62.54,113.96,23.0,85,75,4.47,light shower snow
342,Bara,NG,10.37,10.73,79.41,33,90,4.99,overcast clouds
343,Road Town,VG,18.42,-64.62,86.0,74,40,13.87,scattered clouds
344,Hashtrud,IR,37.48,47.05,52.12,46,0,1.19,clear sky
345,Salinopolis,BR,-0.61,-47.36,81.01,76,74,10.71,broken clouds
346,Areka,ET,7.07,37.7,61.0,75,0,2.64,clear sky
347,Baruun-Urt,MN,46.68,113.28,33.42,85,98,6.31,overcast clouds
348,Metkovic,HR,43.05,17.65,53.6,93,75,2.24,broken clouds
349,Tautira,PF,-17.73,-149.15,84.2,70,75,6.93,broken clouds
350,Mukhen,RU,48.1,136.1,36.95,92,100,7.58,light rain
351,Puerto Maldonado,PE,-12.6,-69.18,98.6,42,40,8.05,scattered clouds
352,Yokadouma,CM,3.52,15.05,70.99,96,100,0.58,light rain
353,Lashio,MM,22.93,97.75,63.73,98,63,2.35,broken clouds
354,Akdagmadeni,TR,39.66,35.88,54.16,42,18,1.63,few clouds
355,Conceicao Do Araguaia,BR,-8.26,-49.26,83.64,67,100,4.61,light rain
356,Dauphin,CA,51.15,-100.05,28.4,46,90,10.29,overcast clouds
357,Nazas,MX,25.23,-104.13,89.11,17,0,3.89,clear sky
358,Methoni,GR,36.82,21.7,66.0,87,0,12.08,clear sky
359,Cedar City,US,37.68,-113.06,69.8,22,1,19.46,clear sky
360,Kaseda,JP,31.42,130.32,51.01,87,20,5.82,fog
361,Qarqin,AF,37.42,66.04,45.99,53,0,3.06,clear sky
362,Cheltenham,GB,51.9,-2.08,51.01,91,100,1.01,moderate rain
363,Upernavik,GL,72.79,-56.15,23.07,95,100,10.76,overcast clouds
364,Qaqortoq,GL,60.72,-46.03,30.2,68,13,3.36,few clouds
365,Verkhnyaya Maksakovka,RU,61.63,50.97,33.8,86,75,6.71,broken clouds
366,Anadyr,RU,64.75,177.48,21.2,92,75,4.47,fog
367,Tigil,RU,57.8,158.67,34.38,84,99,11.86,overcast clouds
368,Laguna,US,38.42,-121.42,73.0,43,1,6.93,clear sky
369,Banda Aceh,ID,5.56,95.32,76.14,85,100,7.87,moderate rain
370,Muros,ES,42.78,-9.06,62.01,88,91,28.01,light rain
371,Ossora,RU,59.24,163.07,37.36,79,100,4.81,overcast clouds
372,Clyde River,CA,70.47,-68.59,19.4,73,90,4.7,overcast clouds
373,Garissa,KE,-0.45,39.64,78.12,74,47,17.83,scattered clouds
374,Manakara,MG,-22.13,48.02,69.44,84,4,5.46,clear sky
375,Venado Tuerto,AR,-33.75,-61.97,78.01,78,94,8.99,overcast clouds
376,Nkhotakota,MW,-12.93,34.3,77.22,56,31,6.11,scattered clouds
377,Vytegra,RU,61.01,36.45,37.42,80,100,8.32,overcast clouds
378,Palatka,US,29.65,-81.64,84.99,67,28,1.01,scattered clouds
379,Bemidji,US,47.47,-94.88,30.0,58,90,5.82,overcast clouds
380,Balkhash,KZ,46.84,74.98,33.58,78,28,6.35,scattered clouds
381,Krasnogvardeyskiy,RU,57.38,62.32,33.12,98,100,2.13,light rain
382,Okha,RU,53.57,142.95,40.19,91,5,2.84,clear sky
383,Saldanha,ZA,-33.01,17.94,62.6,82,0,6.93,clear sky
384,Ribas Do Rio Pardo,BR,-20.44,-53.76,81.16,62,87,7.65,overcast clouds
385,Na Wa,TH,17.49,104.1,64.56,81,72,2.35,broken clouds
386,Mari-Turek,RU,56.79,49.62,40.37,90,100,7.83,overcast clouds
387,Port Blair,IN,11.67,92.75,80.35,80,56,5.61,light rain
388,Skala Fourkas,GR,40.0,23.38,53.6,76,0,4.7,clear sky
389,Nieuw Amsterdam,SR,5.88,-55.08,86.0,70,20,2.24,light rain
390,Svetlyy,RU,54.67,20.13,50.0,100,40,6.71,scattered clouds
391,Kargasok,RU,59.06,80.86,17.42,96,10,5.86,clear sky
392,Gombong,ID,-7.61,109.51,62.01,89,100,4.43,moderate rain
393,Gonda,IN,27.13,81.93,68.79,37,0,5.3,clear sky
394,Moissala,TD,8.34,17.77,75.36,83,65,3.71,light rain
395,Torbay,CA,47.67,-52.73,48.99,93,90,27.51,overcast clouds
396,Seaford,GB,50.77,0.1,57.99,89,100,17.0,moderate rain
397,Santa Maria,BR,-29.68,-53.81,80.33,65,76,2.89,broken clouds
398,Havre-Saint-Pierre,CA,50.23,-63.6,42.8,93,90,16.11,overcast clouds
399,Kalianget,ID,-7.05,113.93,81.88,77,84,6.29,light rain
400,Kongolo,CD,-5.38,27.0,72.52,85,71,1.79,broken clouds
401,Port Hedland,AU,-20.32,118.57,69.8,83,0,9.17,clear sky
402,Tucurui,BR,-3.77,-49.67,87.37,47,88,0.38,overcast clouds
403,Camacha,PT,33.08,-16.33,64.4,72,20,2.24,few clouds
404,Ketchikan,US,55.34,-131.65,44.6,24,1,5.82,clear sky
405,Baykit,RU,61.67,96.37,25.32,96,100,2.59,light snow
406,Mandera,KE,3.94,41.87,82.36,63,100,17.05,overcast clouds
407,Fort Abbas,PK,29.19,72.85,76.91,17,0,10.25,clear sky
408,Zhucheng,CN,35.99,119.4,48.13,51,89,5.3,overcast clouds
409,Show Low,US,34.25,-110.03,69.8,24,1,24.16,clear sky
410,Athabasca,CA,54.72,-113.29,22.71,83,99,9.71,overcast clouds
411,Letka,RU,59.6,49.42,30.11,97,63,8.19,broken clouds
412,Oyonnax,FR,46.26,5.66,48.99,100,82,2.24,fog
413,Paamiut,GL,61.99,-49.67,30.96,86,18,9.28,few clouds
414,Kirakira,SB,-10.45,161.92,82.29,77,1,6.91,clear sky
415,Riachao Do Dantas,BR,-11.07,-37.73,74.26,75,20,8.75,few clouds
416,Kushmurun,KZ,52.45,64.63,42.49,92,100,14.92,overcast clouds
417,Cherepanovo,RU,54.22,83.38,22.41,94,8,7.83,clear sky
418,Matara,LK,5.95,80.54,77.18,88,70,7.27,broken clouds
419,Ambon,ID,-3.7,128.18,77.0,94,20,6.93,few clouds
420,Svetlaya,RU,46.54,138.33,41.56,67,82,8.14,light rain
421,Koulikoro,ML,14.0,-7.75,81.86,17,0,5.1,clear sky
422,Oda,JP,35.18,132.5,42.8,100,20,4.7,few clouds
423,Vila Do Maio,CV,15.13,-23.22,78.8,83,100,16.11,overcast clouds
424,Ilulissat,GL,69.22,-51.1,21.2,62,51,10.29,broken clouds
425,Vardo,NO,70.37,31.11,39.11,78,100,24.56,overcast clouds
426,Ningbo,CN,29.88,121.55,55.99,93,0,4.47,clear sky
427,Awbari,LY,26.59,12.78,66.43,25,0,4.36,clear sky
428,Wajima,JP,37.4,136.9,57.33,59,82,19.22,broken clouds
429,Tazovskiy,RU,67.47,78.7,14.92,97,95,7.43,overcast clouds
430,Kaoma,ZM,-14.78,24.8,71.92,24,80,7.94,broken clouds
431,Ponta Delgada,PT,37.73,-25.67,68.0,82,75,17.22,broken clouds
432,Geraldton,AU,-28.77,114.6,51.8,87,0,6.93,clear sky
433,Tongliao,CN,43.61,122.27,39.6,66,44,5.19,scattered clouds
434,Makum,IN,27.5,95.45,69.33,99,94,2.91,light rain
435,Mitoc,RO,48.1,27.03,57.2,82,75,3.36,broken clouds
436,Gayny,RU,60.31,54.32,36.82,97,100,6.46,light rain
437,Newport,GB,51.59,-3.0,52.0,97,100,1.99,moderate rain
438,Luderitz,NA,-26.65,15.16,60.21,78,7,16.64,clear sky
439,Arantangi,IN,10.17,78.98,79.92,77,80,2.93,broken clouds
440,Oriximina,BR,-1.77,-55.87,92.12,37,100,3.83,overcast clouds
441,Graham,US,47.05,-122.29,48.99,65,90,3.36,overcast clouds
442,Brae,GB,60.4,-1.35,50.0,81,72,12.75,broken clouds
443,Ardakan,IR,32.31,54.02,57.2,30,0,2.24,clear sky
444,Maltahohe,NA,-24.83,16.98,73.83,23,39,12.15,scattered clouds
445,Sao Miguel Do Araguaia,BR,-13.28,-50.16,75.34,80,100,5.08,overcast clouds
446,Kieta,PG,-6.22,155.63,81.93,72,52,4.18,broken clouds
447,Codrington,AU,-38.27,141.97,47.16,69,51,16.62,broken clouds
448,Korla,CN,41.76,86.15,46.99,62,22,3.0,few clouds
449,Plainview,US,40.78,-73.47,69.01,72,40,6.93,scattered clouds
450,Parkes,AU,-33.13,148.18,52.0,87,100,1.99,overcast clouds
451,Winnemucca,US,40.97,-117.74,66.2,20,1,11.41,clear sky
452,Salalah,OM,17.02,54.09,75.2,41,0,1.12,clear sky
453,Lazaro Cardenas,MX,17.96,-102.2,85.69,74,54,9.17,broken clouds
454,Antofagasta,CL,-23.65,-70.4,59.0,77,90,12.75,overcast clouds
455,Praia Da Vitoria,PT,38.73,-27.07,66.2,93,75,11.83,broken clouds
456,Dunedin,NZ,-45.87,170.5,64.65,56,100,11.1,overcast clouds
457,Sawakin,SD,19.11,37.33,80.8,75,0,5.48,clear sky
458,Rocha,UY,-34.48,-54.33,66.97,87,13,8.01,few clouds
459,Alugan,PH,12.22,125.48,78.49,89,100,11.88,heavy intensity rain
460,Nizhneangarsk,RU,55.78,109.55,37.02,76,100,5.77,overcast clouds
461,Vallenar,CL,-28.57,-70.76,73.9,35,0,8.01,clear sky
462,Jiuquan,CN,39.74,98.52,42.12,57,100,8.05,overcast clouds
463,Morondava,MG,-20.28,44.28,75.34,61,23,13.71,light rain
464,Pangnirtung,CA,66.15,-65.71,19.56,91,96,3.98,overcast clouds
465,Tarko-Sale,RU,64.92,77.78,13.17,95,96,8.75,overcast clouds
466,Hudson,US,40.72,-74.07,68.0,52,90,13.87,overcast clouds
467,Qasigiannguit,GL,68.82,-51.19,21.2,62,97,10.29,overcast clouds
468,Muisne,EC,0.6,-80.03,84.2,74,20,11.41,few clouds
469,Fort Nelson,CA,58.81,-122.7,26.6,42,5,6.93,clear sky
470,San Pedro,PH,14.35,121.02,77.0,100,75,2.24,broken clouds
471,Semporna,MY,4.48,118.61,73.4,94,20,1.12,few clouds
472,Dingli,MT,35.86,14.38,69.01,77,0,13.87,clear sky
473,Betare Oya,CM,5.6,14.08,68.95,89,78,2.46,broken clouds
474,Ixtapa,MX,20.7,-105.2,89.6,70,40,10.29,scattered clouds
475,Yelanskiy,RU,56.84,62.5,34.43,97,100,4.38,overcast clouds
476,Luganville,VU,-15.53,167.17,80.6,83,40,9.17,scattered clouds
477,Komsomolets,KZ,53.75,62.07,42.67,92,98,11.74,overcast clouds
478,Broome,US,42.25,-75.83,46.99,70,90,11.41,overcast clouds
479,Marawi,PH,8.0,124.29,73.99,92,100,4.0,light rain
480,Jalu,LY,29.03,21.55,66.92,50,0,11.92,clear sky
481,Lac Du Bonnet,CA,50.25,-96.06,30.0,98,100,3.0,overcast clouds
482,Ampanihy,MG,-24.7,44.75,72.99,64,99,3.36,overcast clouds
483,Bozova,TR,37.36,38.53,71.6,17,0,3.36,clear sky
484,Jurmala,LV,56.97,23.77,50.0,93,40,3.36,scattered clouds
485,Sobolevo,RU,54.43,31.9,44.67,96,92,6.53,light rain
486,Sapernoye,RU,60.72,29.95,34.0,97,93,2.35,overcast clouds
487,Mongoumba,CF,3.64,18.59,72.77,95,100,2.3,light rain
488,Nurota,UZ,40.56,65.69,37.4,55,0,2.24,clear sky
489,Pochutla,MX,15.74,-96.47,87.01,70,90,5.61,overcast clouds
490,Ballina,AU,-28.87,153.57,72.0,83,6,6.93,clear sky
491,Montana,BG,43.41,23.23,57.0,99,100,2.59,overcast clouds
492,Treinta Y Tres,UY,-33.23,-54.38,74.28,85,31,9.17,scattered clouds
493,Atherton,GB,53.52,-2.49,46.99,88,100,1.99,light rain
494,Buala,SB,-8.14,159.59,82.71,75,1,3.58,clear sky
495,Hambantota,LK,6.12,81.12,78.82,80,95,13.38,overcast clouds
496,Fastiv,UA,50.08,29.92,55.4,87,75,8.95,broken clouds
497,Abay,KZ,49.63,72.85,28.4,58,0,13.42,clear sky
498,Bontang,ID,0.13,117.5,78.19,84,100,5.44,light rain
499,Ofunato,JP,39.07,141.72,50.99,75,38,12.24,scattered clouds
500,Cayenne,GF,4.93,-52.33,84.2,74,75,6.93,broken clouds
501,Henties Bay,NA,-22.12,14.28,57.99,91,73,5.32,broken clouds
502,Los Llanos De Aridane,ES,28.66,-17.92,73.4,64,90,12.75,overcast clouds
503,Meulaboh,ID,4.14,96.13,73.89,95,100,6.31,heavy intensity rain
504,Boone,US,39.03,-92.33,48.99,64,5,1.01,clear sky
505,Nouadhibou,MR,20.93,-17.03,71.6,73,0,14.99,clear sky
506,Mitsamiouli,KM,-11.38,43.28,78.3,77,0,10.54,clear sky
507,Ashland,US,40.82,-82.27,45.0,70,90,8.05,overcast clouds
508,Mackay,AU,-21.15,149.2,77.0,83,40,10.29,scattered clouds
509,Najran,SA,17.49,44.13,66.2,20,0,3.36,clear sky
510,Bernay,FR,49.17,0.67,57.99,84,100,17.0,overcast clouds
511,Birin,NP,26.89,88.07,57.87,100,48,2.19,scattered clouds
512,Mykolayivka,UA,47.54,30.76,57.83,59,100,6.2,overcast clouds
513,Ouegoa,NC,-20.35,164.43,78.55,70,5,12.91,clear sky
514,Murgab,TM,37.5,61.97,50.0,57,0,6.93,clear sky
515,Farmington,US,36.73,-108.22,73.0,17,1,10.29,clear sky
516,Walvis Bay,NA,-22.96,14.51,57.99,82,0,5.82,clear sky
517,Coihaique,CL,-45.58,-72.07,57.2,41,40,4.7,scattered clouds
518,Weligama,LK,5.97,80.42,77.45,88,69,6.64,broken clouds
519,Payo,ID,-3.75,103.64,72.36,93,100,1.41,overcast clouds
520,Naze,JP,28.37,129.48,69.8,60,75,14.99,broken clouds
521,Kavaratti,IN,10.57,72.64,81.39,74,51,7.43,broken clouds
522,Yar-Sale,RU,66.83,70.83,16.77,96,75,4.92,broken clouds
523,Batticaloa,LK,7.71,81.69,78.82,76,99,4.97,overcast clouds
524,Les Cayes,HT,18.2,-73.75,83.25,79,90,8.81,light rain
525,Namatanai,PG,-3.67,152.43,81.1,77,24,2.48,moderate rain
526,Krapivinskiy,RU,55.0,86.81,24.8,85,90,13.42,light shower snow
527,Touho,NC,-20.78,165.23,76.06,80,64,14.16,light rain
528,Catalina,US,32.51,-110.92,90.0,21,100,7.0,overcast clouds
529,Aginskoye,RU,51.1,114.53,31.1,93,100,1.77,overcast clouds
530,Sag,RO,45.65,21.18,55.4,100,90,2.24,moderate rain
531,Prince Rupert,CA,54.32,-130.32,42.8,28,1,2.24,clear sky
532,Madang,PG,-5.22,145.8,77.95,83,4,2.73,clear sky
533,Atbasar,KZ,51.8,68.33,32.49,97,100,23.73,overcast clouds
534,Kerema,PG,-7.96,145.78,76.77,83,33,1.99,scattered clouds
535,Dawlatabad,AF,36.41,64.91,41.54,65,0,3.02,clear sky
536,Abha,SA,18.22,42.51,62.6,19,0,5.44,clear sky
537,Ginda,IN,30.69,78.49,51.69,42,0,6.13,clear sky
538,Auki,SB,-8.77,160.7,82.45,75,12,3.13,few clouds
539,Olinda,BR,-8.01,-34.86,82.4,69,75,6.93,broken clouds
540,Woodward,US,36.43,-99.39,57.99,37,1,12.75,clear sky
541,Mugur-Aksy,RU,50.35,90.5,15.94,84,28,6.67,scattered clouds
542,Ugoofaaru,MV,5.67,73.0,82.85,73,100,9.57,overcast clouds
543,Biak,ID,-0.91,122.88,77.45,78,100,1.92,overcast clouds
544,Ekhabi,RU,53.51,142.97,39.22,92,1,3.2,clear sky
545,Ilam,NP,26.92,87.92,60.06,94,23,2.66,few clouds
546,Verkhnevilyuysk,RU,63.45,120.32,19.09,95,29,5.79,scattered clouds
547,Mount Pleasant,US,32.79,-79.86,78.01,78,1,8.05,clear sky
548,Ewo,CG,-0.87,14.82,73.81,92,100,2.17,overcast clouds
549,Northam,GB,51.03,-4.22,50.0,85,100,17.0,light rain
550,Utrecht,NL,52.0,5.25,60.01,85,100,5.01,overcast clouds
551,Catamarca,AR,-28.47,-65.79,84.99,66,3,13.0,clear sky
552,Dicabisagan,PH,17.08,122.42,77.88,85,97,6.53,moderate rain
553,Fairbanks,US,64.84,-147.72,30.0,79,20,2.84,few clouds
554,Victoria Point,AU,-27.58,153.3,75.0,84,20,5.99,few clouds
555,Kifri,IQ,34.7,44.97,70.29,20,0,5.84,clear sky
556,Buin,CL,-33.73,-70.75,75.0,35,0,9.17,clear sky
557,Aden,YE,12.78,45.04,83.53,62,0,12.62,clear sky
558,Santa Cruz,BO,-17.8,-63.17,95.0,41,9,11.41,clear sky
559,Gisors,FR,49.28,1.78,59.0,72,75,23.04,broken clouds
560,Clinton,US,42.59,-82.92,48.2,53,40,5.82,scattered clouds
561,Manaus,BR,-3.1,-60.02,84.2,78,75,4.7,light rain
562,Fort Morgan,US,40.25,-103.8,44.6,39,1,19.46,clear sky
563,Biri,PH,12.68,124.36,82.44,79,100,11.68,moderate rain
564,Oranjemund,NA,-28.55,16.43,59.47,90,1,10.63,clear sky
565,San-Pedro,CI,4.75,-6.64,77.41,86,0,5.66,clear sky
566,Pacific Grove,US,36.62,-121.92,68.0,63,40,6.93,scattered clouds
567,Hofn,IS,64.25,-15.21,42.84,87,100,27.89,light rain
568,San Policarpo,PH,12.18,125.51,78.85,88,100,12.19,heavy intensity rain
569,Araouane,ML,18.9,-3.53,91.71,12,0,8.93,clear sky
570,Vostok,RU,46.49,135.88,27.77,100,100,4.74,light snow
571,Koulamoutou,GA,-1.13,12.47,73.42,95,100,1.66,light rain
572,Bosaso,SO,11.28,49.18,79.25,44,1,5.97,clear sky
573,Semme,FR,46.2,1.5,54.0,87,0,11.41,clear sky
574,Roswell,US,34.02,-84.36,71.01,88,90,6.93,thunderstorm
575,Peace River,CA,56.25,-117.29,24.8,49,20,19.46,few clouds
576,Jawhar,SO,2.78,45.5,78.22,82,100,6.73,moderate rain
577,Shimoda,JP,34.67,138.95,57.94,62,30,12.33,scattered clouds
578,Qui Nhon,VN,13.77,109.23,74.26,82,98,4.54,overcast clouds
579,Thayetmyo,MM,19.32,95.18,73.53,96,100,3.18,overcast clouds
580,Pitimbu,BR,-7.47,-34.81,78.8,83,75,8.05,broken clouds
581,Ulladulla,AU,-35.35,150.47,55.0,87,90,10.29,overcast clouds
582,Burgeo,CA,47.62,-57.62,49.89,88,100,14.27,overcast clouds
583,Diffa,NE,13.32,12.61,83.55,22,86,9.33,overcast clouds
584,Khuzdar,PK,27.74,66.64,57.13,33,0,5.7,clear sky
585,Cairns,AU,-16.92,145.77,77.0,78,74,1.36,broken clouds
586,Sumbe,AO,-11.21,13.84,75.67,86,94,9.08,light rain
587,Makakilo City,US,21.35,-158.09,84.2,66,1,9.17,clear sky
588,Nantucket,US,41.28,-70.1,62.6,82,90,10.29,overcast clouds
589,Udachnyy,RU,66.42,112.4,10.4,92,40,4.47,scattered clouds
590,Ormara,PK,25.21,64.64,78.21,27,0,20.85,clear sky
591,Labuhan,ID,-6.88,112.21,79.52,82,100,6.26,moderate rain
592,Moanda,GA,-1.56,13.22,72.19,96,100,1.45,light rain
593,Altay,CN,47.87,88.12,23.97,85,1,3.51,clear sky
594,Stokmarknes,NO,68.56,14.91,37.99,86,32,1.99,scattered clouds
595,Bahia Blanca,AR,-38.72,-62.27,82.58,32,0,8.88,clear sky
596,Quatre Cocos,MU,-20.21,57.76,71.6,88,75,12.75,shower rain
597,Paciran,ID,-6.88,112.38,79.84,81,100,5.19,light rain
598,Ambovombe,MG,-25.17,46.08,69.71,83,74,5.82,broken clouds
599,Port Macquarie,AU,-31.43,152.92,66.99,99,50,6.62,scattered clouds
600,Kuloy,RU,61.03,42.49,30.09,97,75,6.8,broken clouds
601,Peleduy,RU,59.63,112.74,32.0,97,100,1.99,overcast clouds
602,Waipawa,NZ,-41.41,175.52,60.8,100,24,21.92,few clouds
603,Calabozo,VE,8.92,-67.43,82.44,83,88,0.63,overcast clouds
604,Port Hawkesbury,CA,45.62,-61.35,54.0,93,90,8.05,overcast clouds
605,Kibakwe,TZ,-6.72,36.37,65.71,85,20,5.44,few clouds
606,Gallup,US,35.53,-108.74,73.4,13,1,18.34,clear sky
607,Kalamare,BW,-22.93,26.57,77.7,36,0,11.52,clear sky
608,Boende,CD,-0.22,20.87,72.43,97,100,2.95,overcast clouds
609,Wanning,CN,18.8,110.4,77.22,88,100,17.49,moderate rain
610,Sangar,RU,63.92,127.47,9.84,94,18,0.89,few clouds
611,Viedma,AR,-40.81,-63.0,82.99,46,0,7.0,clear sky
612,Nisia Floresta,BR,-6.09,-35.21,78.8,83,40,9.17,scattered clouds
613,Kyabe,TD,9.45,18.94,79.38,71,81,1.88,broken clouds
614,Alta Floresta,BR,-9.88,-56.09,75.76,93,100,5.35,light rain
615,Fort Saint James,CA,54.43,-124.25,28.29,79,0,3.33,clear sky
616,Emerald,AU,-23.53,148.17,69.8,100,90,3.36,light rain
617,San Quintin,MX,30.48,-115.95,69.76,66,100,13.91,overcast clouds
618,Port Arthur,CN,38.8,121.27,42.8,87,0,2.24,clear sky
619,Teguldet,RU,57.31,88.17,25.54,95,63,7.81,broken clouds
620,Corner Brook,CA,48.97,-57.95,51.8,71,90,12.75,overcast clouds
621,Lachute,CA,45.65,-74.33,46.0,56,75,6.93,broken clouds
622,Bathurst,AU,-33.42,149.58,55.0,98,100,5.53,light rain
623,Waddan,LY,29.16,16.14,64.63,42,0,5.53,clear sky
624,Aracoiaba,BR,-4.37,-38.81,81.75,62,12,8.75,few clouds
625,Barra Do Garcas,BR,-15.89,-52.26,80.98,73,100,5.61,moderate rain
626,Posse,BR,-14.09,-46.37,69.4,91,99,4.05,overcast clouds
627,Bundaberg,AU,-24.85,152.35,78.01,78,75,13.87,broken clouds
628,Hervey Bay,AU,-25.3,152.85,77.0,82,21,5.01,few clouds
629,Tocache,PE,-8.18,-76.51,91.9,39,72,2.93,broken clouds
630,Koumac,NC,-20.57,164.28,78.31,67,12,5.79,few clouds
631,Meadow Lake,US,34.8,-106.54,75.99,24,75,9.17,broken clouds
632,Port Augusta,AU,-32.5,137.77,53.6,76,90,13.87,overcast clouds
633,Miles City,US,46.41,-105.84,19.4,85,90,16.11,overcast clouds
634,Jacqueville,CI,5.21,-4.41,80.6,88,20,6.93,few clouds
635,Roma,US,43.21,-75.46,46.4,70,90,9.17,overcast clouds
636,Matagami,CA,49.75,-77.63,28.4,86,90,6.93,overcast clouds
637,Moerai,PF,-22.43,-151.33,72.48,77,61,18.5,broken clouds
638,Dubno,UA,50.42,25.73,48.0,98,59,11.01,broken clouds
639,Brasileia,BR,-11.02,-68.75,96.49,36,72,4.27,broken clouds
640,Yushu,CN,44.8,126.53,33.87,88,0,7.25,clear sky
641,Mananjary,MG,-21.22,48.33,69.93,81,23,2.62,few clouds
642,Straumen,NO,63.87,11.3,39.0,74,0,14.99,clear sky
643,Skibbereen,IE,51.55,-9.27,46.4,87,40,17.22,scattered clouds
644,Beloha,MG,-25.17,45.05,68.63,84,100,4.09,overcast clouds
645,Kaeo,NZ,-35.1,173.78,66.99,80,21,5.01,few clouds
646,Bulolo,PG,-7.2,146.65,72.5,70,18,1.48,light rain
647,Husavik,IS,66.04,-17.34,41.0,75,90,19.46,light rain
648,Kupino,RU,54.37,77.3,25.99,84,68,13.27,broken clouds
649,Malanje,AO,-9.54,16.34,66.06,94,38,2.35,scattered clouds
650,Asau,RO,46.43,26.4,53.01,98,100,2.53,overcast clouds
651,Deder,ET,9.32,41.45,58.48,58,0,3.24,clear sky
652,Murchison,NZ,-41.8,172.33,61.7,79,99,1.19,light rain
653,Belmonte,BR,-15.86,-38.88,77.0,78,75,10.29,broken clouds
654,Estelle,US,29.85,-90.11,79.0,74,75,9.17,broken clouds
655,Petatlan,MX,17.52,-101.27,91.4,63,5,8.05,clear sky
656,Kidal,ML,18.44,1.41,82.18,14,0,10.74,clear sky
657,Sawtell,AU,-30.38,153.1,73.4,73,40,8.05,scattered clouds
658,Andenes,NO,69.31,16.12,39.2,86,20,16.11,few clouds
659,Port Moresby,PG,-9.44,147.18,76.44,87,93,2.59,overcast clouds
660,Nyimba,ZM,-14.56,30.81,78.66,27,23,7.74,few clouds
661,Dakar,SN,14.69,-17.44,84.2,89,0,4.7,clear sky
662,Ardesen,TR,41.19,40.99,59.0,62,0,16.11,clear sky
663,Gorey,IE,52.67,-6.29,44.01,84,9,1.99,clear sky
664,San Luis,AR,-33.3,-66.34,83.71,39,56,4.83,broken clouds
665,Durazno,UY,-33.41,-56.5,64.4,100,75,4.7,broken clouds
666,Vanavara,RU,60.34,102.28,24.46,98,100,2.95,overcast clouds
667,Uyovu,TZ,-3.28,31.53,68.54,73,26,4.29,scattered clouds
668,The Valley,AI,18.22,-63.06,84.2,74,40,12.75,scattered clouds
669,Bacong,PH,9.25,123.3,78.8,83,75,7.27,broken clouds
670,Roviai,GR,38.82,23.23,66.0,49,96,4.0,overcast clouds
671,Shiliguri,IN,26.7,88.43,72.03,91,57,1.52,broken clouds
672,North Myrtle Beach,US,33.82,-78.68,78.01,83,1,6.93,clear sky
673,Khani,GE,41.96,42.96,48.2,93,0,5.82,clear sky
674,Merauke,ID,-8.47,140.33,77.86,88,66,6.08,broken clouds
675,Nongan,CN,44.38,125.17,33.8,59,0,2.24,smoke
676,Sovetskiy,RU,61.36,63.58,24.26,96,99,9.73,overcast clouds
677,Faro,PT,37.02,-7.93,60.8,82,0,9.17,clear sky
678,Isla Mujeres,MX,21.23,-86.73,87.8,66,75,14.99,broken clouds
679,Gwadar,PK,25.12,62.33,77.54,27,0,17.52,clear sky
680,Bahir Dar,ET,11.59,37.39,63.23,82,60,1.14,light rain
681,Conde,BR,-7.26,-34.91,78.8,83,75,8.05,broken clouds
682,Johnstown,US,40.33,-78.92,46.0,70,90,11.41,overcast clouds
683,Whitianga,NZ,-36.83,175.7,64.9,67,5,4.34,clear sky
684,Salta,AR,-24.79,-65.41,87.8,33,20,18.34,few clouds
685,Eureka,US,40.8,-124.16,59.0,74,39,5.01,scattered clouds
686,Qarchi Gak,AF,37.04,66.79,53.6,32,5,2.24,clear sky
687,Yatou,CN,37.15,122.38,48.54,49,67,4.16,light rain
688,Pilar,BR,-9.6,-35.96,75.2,88,0,6.93,clear sky
689,Kashi,CN,39.45,75.98,53.6,20,75,6.71,light rain
690,Lata,PT,40.16,-8.33,62.01,89,99,3.0,overcast clouds
691,Preobrazheniye,RU,42.9,133.91,39.34,71,3,16.15,clear sky
692,Maiduguri,NG,11.85,13.16,81.77,22,11,7.76,few clouds
693,Aitape,PG,-3.14,142.35,78.64,82,14,3.96,light rain
694,Bandarbeyla,SO,9.49,50.81,76.35,81,79,6.24,broken clouds
